Keyword,Position,Previous position,Search Volume,Keyword Difficulty,CPC,URL,Traffic,Traffic (%),Traffic Cost,Competition,Number of Results,Trends,Timestamp,SERP Features by Keyword,Keyword Intents,Position Type
innova fence,1,1,70,25,4.31,https://innovafence.com/,56,23.52,241.00,0.32,1370000,"[1,1,8,10,8,1,8,1,1,8,1,1]",2026-04-23,"Knowledge panel, Sitelinks, Video, People also ask, Related searches",navigational,Organic
vinyl fence installation chicago,6,6,1300,21,0.00,https://innovafence.com/,31,13.02,0.00,0,127,"[4,5,29,13,13,100,22,43,36,29,43,29]",2026-04-11,"Local pack, Video, People also ask, Related searches",commercial,Organic
fence contractors chicago,8,8,880,47,9.73,https://innovafence.com/,16,6.72,155.00,0.03,0,"[10,55,62,62,45,24,55,62,62,100,45,36]",2026-03-11,"Local pack, Sitelinks, Video, Image, Related searches",commercial,Organic
composite fence chicago,7,7,720,5,0.00,https://innovafence.com/fences/composite-fence/,9,3.78,0.00,0,3440000,"[10,20,45,100,36,45,36,62,62,36,24,36]",2026-04-09,"Local pack, Sitelinks, Video, Image, Popular products, Related searches, AI overview",commercial,Organic
aluminum fence chicago,7,7,590,6,0.00,https://innovafence.com/,7,2.94,0.00,0.01,214,"[3,4,20,5,8,30,8,13,100,41,20,7]",2026-03-26,"Local pack, Video, Popular products, Related searches",commercial,Organic
aluminum fences chicago,6,6,390,24,0.00,https://innovafence.com/fences/aluminum-fence/,7,2.94,0.00,0.01,1160000,"[3,7,44,19,10,54,54,100,81,44,44,36]",2026-04-10,"Local pack, Sitelinks, Video, Popular products, Related searches",commercial,Organic
fence installation lincolnwood il,1,1,110,5,0.00,https://innovafence.com/,7,2.94,0.00,0,261000,"[4,14,4,4,14,14,100,80,52,80,100,100]",2026-04-20,"Local pack, Video, Image, Related searches",commercial,Local pack
aluminum fences barrington,2,2,50,0,0.00,https://innovafence.com/illinois-fence-company/barrington-illinois-fence-company/,6,2.52,0.00,0,0,"[4,0,4,4,4,4,33,100,33,33,33,23]",2026-03-12,"Local pack, Sitelinks, Video, Popular products, Related searches",commercial,Organic
chicago area fence companies,16,16,3600,47,9.73,https://innovafence.com/,5,2.1,48.00,0.03,11100,"[1,1,0,23,19,81,1,13,81,100,36,13]",2026-04-23,"Local pack, Sitelinks, Image, People also ask, Related searches",commercial,Organic
barrington il fencing contractor,2,2,40,0,0.00,https://innovafence.com/illinois-fence-company/barrington-illinois-fence-company/,5,2.1,0.00,0,0,"[28,0,14,14,14,28,100,100,100,100,71,71]",2026-03-12,"Local pack, Video, Image",commercial,Organic
commercial fencing chicago,11,11,880,32,0.00,https://innovafence.com/fences/commercial-fencing/,4,1.68,0.00,0,5080000,"[2,8,10,13,30,100,36,66,54,30,54,20]",2026-04-12,"Local pack, Video, Image, Related searches",commercial,Organic
chicago vinyl fence,17,16,2900,9,0.00,https://innovafence.com/,4,1.68,0.00,0,3060000,"[1,7,13,16,13,44,8,19,100,54,66,10]",2026-04-29,"Local pack, Sitelinks, Video, People also ask, Related searches, Discussions and forums",commercial,Organic
chicago chain link fence,7,7,260,13,0.00,https://innovafence.com/fences/chain-link-fence/,4,1.68,0.00,0.01,173,"[6,6,9,15,23,44,54,100,66,36,23,36]",2026-04-20,"Local pack, Video, Image, Popular products, Related searches",commercial,Organic
fence contractors chicago,13,13,880,47,9.73,https://innovafence.com/,3,1.26,29.00,0.03,0,"[10,55,62,62,45,24,55,62,62,100,45,36]",2026-03-11,"Local pack, Sitelinks, Video, Image, Related searches",commercial,Organic
wood fence installation barrington,4,4,50,2,6.45,https://innovafence.com/illinois-fence-company/barrington-illinois-fence-company/,3,1.26,19.00,0.09,1120000,"[9,9,9,18,27,18,63,100,81,63,63,63]",2026-04-18,"Local pack, Sitelinks, Video, Related searches",commercial,Organic
chain link fence chicago,10,10,390,27,0.00,https://innovafence.com/fences/chain-link-fence/,3,1.26,0.00,0.01,0,"[36,19,29,100,54,66,81,81,81,81,29,36]",2026-03-13,"Local pack, Sitelinks, Video, Related searches",commercial,Organic
fence replacement chicago,1,1,40,29,0.00,https://innovafence.com/,3,1.26,0.00,0,6690000,"[60,100]",2026-04-28,"Local pack, Sitelinks, Video, People also ask, Popular products, Related searches, Discussions and forums",commercial,Local pack
commercial fence chicago,10,10,480,26,0.00,https://innovafence.com/fences/commercial-fencing/,3,1.26,0.00,0,0,"[1,6,24,30,36,100,24,55,45,20,16,10]",2026-03-14,"Local pack, Sitelinks, Image, Related searches",commercial,Organic
fence removal chicago,1,1,40,8,0.00,https://innovafence.com/,3,1.26,0.00,0,123,"[14,14,14,28,42,28,100,100,100,71,71,57]",2026-03-13,"Local pack, Video, Video Carousel, Related searches",transactional,Local pack
vinyl fence installation highland park,5,5,90,0,0.00,https://innovafence.com/illinois-fence-company/highland-park-illinois-fence-company/,3,1.26,0.00,0,122,"[35,50,50,100,100,50,50]",2026-04-14,"Local pack, Sitelinks, Related searches, AI overview",commercial,Organic
custom fences barrington,2,2,50,2,0.00,https://innovafence.com/illinois-fence-company/barrington-illinois-fence-company/,3,1.26,0.00,0.33,998000,"[28,28,28,28,28,28,100,100,100,100,100,100]",2026-04-15,"Local pack, Video, AI overview",informational,Organic
fence installation chicagoland,6,6,140,47,11.74,https://innovafence.com/,3,1.26,35.00,0.03,0,"[3,3,1,5,8,3,35,54,100,23,18,15]",2026-03-08,"Local pack, Video, Related searches",commercial,Organic
commercial fence installations chicago,2,2,90,43,0.00,https://innovafence.com/,3,1.26,0.00,0,5600000,"[5,5,29,29,52,82,82,100,100,64,17,23]",2026-04-27,"Local pack, Sitelinks, Video, Related searches",commercial,Local pack
aluminum fencing barrington,2,2,40,0,0.00,https://innovafence.com/illinois-fence-company/barrington-illinois-fence-company/,3,1.26,0.00,0.33,495000,"[14,14,28,28,14,14,100,100,100,100,100,71]",2026-04-27,"Local pack, Video, Popular products",commercial,Organic
vinyl fence installation barrington,2,2,40,0,0.00,https://innovafence.com/illinois-fence-company/barrington-illinois-fence-company/,3,1.26,0.00,0,364000,"[14,14,28,14,28,14,100,100,100,100,100,100]",2026-03-21,"Local pack, Video, Related searches, AI overview",commercial,Organic
commercial aluminum fences chicago,3,3,70,1,0.00,https://innovafence.com/fences/commercial-fencing/,2,0.84,0.00,0.33,2070000,"[14,19,66,33,52,33,100,9,19,23,9,4]",2026-04-14,"Local pack, Video, Related searches",commercial,Organic
fence company northbrook,6,6,90,37,0.00,https://innovafence.com/illinois-fence-company/northbrook-illinois-fence-company/,2,0.84,0.00,0.33,129,"[9,9,9,9,9,9,52,9,52,80,100,100]",2026-03-25,"Local pack, Sitelinks, Image, Related searches",commercial,Organic
commercial fence company chicago il,13,13,720,34,0.00,https://innovafence.com/fences/commercial-fencing/,2,0.84,0.00,0,4420000,"[0,3,25,11,7,25,37,100,68,52,46,25]",2026-04-13,"Local pack, Sitelinks, Video, Image, Related searches",commercial,Organic
fences chicago area,21,21,1600,53,7.50,https://innovafence.com/,2,0.84,15.00,0.06,137,"[1,3,3,7,13,54,1,5,100,81,28,1]",2026-03-18,"Local pack, Sitelinks, Video, Related searches, AI overview","commercial, informational",Organic
chicagoland fence,22,22,1600,47,7.50,https://innovafence.com/,2,0.84,15.00,0.06,0,"[1,1,3,7,13,54,2,5,100,81,28,13]",2026-03-19,"Local pack, Sitelinks, Video, Related searches",commercial,Organic
commercial fence installation chicago,13,13,880,16,0.00,https://innovafence.com/fences/commercial-fencing/,2,0.84,0.00,0,0,"[0,0,1,1,3,10,8,100,28,7,8,5]",2026-03-13,"Local pack, Sitelinks, Video, Related searches, AI overview",informational,Organic
chain link fence northbrook,5,5,90,11,0.00,https://innovafence.com/illinois-fence-company/northbrook-illinois-fence-company/,2,0.84,0.00,0,584000,"[7,3,3,3,7,0,34,11,65,80,100,80]",2026-04-08,"Local pack, Popular products, Related searches",commercial,Organic
commercial fence installation in chicago,8,8,110,26,0.00,https://innovafence.com/fences/commercial-fencing/,2,0.84,0.00,0,17700000,"[14,9,33,23,42,80,66,80,100,42,23,33]",2026-03-31,"Local pack, Video, Image, Related searches",informational,Organic
composite fences chicago,9,9,320,4,0.00,https://innovafence.com/fences/composite-fence/,2,0.84,0.00,0,0,"[6,11,35,44,23,15,54,100,100,81,66,54]",2026-03-15,"Local pack, Sitelinks, Video, Popular products, Related searches",commercial,Organic
wood fence chicago,17,17,1000,44,0.00,https://innovafence.com/fences/wood-fence/,1,0.42,0.00,0,17800000,"[13,5,7,36,20,54,100,79,54,24,54,30]",2026-04-11,"Local pack, Video, People also ask, Popular products, Related searches",commercial,Organic
fence construction barrington,4,4,40,3,0.00,https://innovafence.com/illinois-fence-company/barrington-illinois-fence-company/,1,0.42,0.00,0.1,771000,"[28,28,28,28,42,28,100,100,100,71,100,100]",2026-04-15,"Local pack, Video, Image, Related searches, AI overview",informational,Organic
fence builders chicago,18,18,720,47,9.73,https://innovafence.com/,1,0.42,9.00,0.03,3430000,"[16,81,81,36,100,36,24,36,36,20,30,24]",2026-04-14,"Local pack, Video, People also ask, Related searches",commercial,Organic
gate installation chicago,8,8,210,20,0.00,https://innovafence.com/gates/,1,0.42,0.00,0.02,122,"[10,17,28,28,28,23,66,82,66,100,100,53]",2026-04-03,"Local pack, Sitelinks, Video, People also ask, Related searches",commercial,Organic
chain link fence chicago,11,11,390,27,0.00,https://innovafence.com/fences/chain-link-fence/,1,0.42,0.00,0.01,0,"[36,19,29,100,54,66,81,81,81,81,29,36]",2026-03-13,"Local pack, Sitelinks, Video, Related searches",commercial,Organic
fence contractor highland park,9,9,50,1,0.00,https://innovafence.com/illinois-fence-company/highland-park-illinois-fence-company/,1,0.42,0.00,0,2310000,"[11,23,29,64,52,23,100,29,23,5,5,0]",2026-04-20,"Knowledge panel, Video, Image, Related searches",commercial,Organic
wood fencing barrington,4,4,50,2,0.00,https://innovafence.com/illinois-fence-company/barrington-illinois-fence-company/,1,0.42,0.00,0.33,150,"[18,18,18,18,18,18,63,100,63,63,63,63]",2026-04-18,"Local pack, Video, Popular products, Related searches",commercial,Organic
vinyl fence installers chicago area,8,8,90,,0.00,https://innovafence.com/fences/vinyl-fence/,1,0.42,0.00,0,0,"[100,3,0]",2026-03-09,"Local pack, Video, Related searches, Ads middle",commercial,Organic
automatic gates chicago,11,11,480,4,0.00,https://innovafence.com/gates/,1,0.42,0.00,0,170,"[7,7,32,100,39,59,48,59,59,59,72,39]",2026-04-25,"Local pack, Sitelinks, Video, Popular products, Related searches, AI overview",commercial,Organic
fence installation highland park,5,5,40,2,0.00,https://innovafence.com/illinois-fence-company/highland-park-illinois-fence-company/,1,0.42,0.00,0,108,"[11,22,22,55,44,100,100,55,44,11,0,0]",2026-04-18,"Local pack, Video, Image, Related searches",commercial,Organic
chicago fence companies,5,5,320,46,9.73,https://innovafence.com/,1,0.42,9.00,0.03,38000000,"[7,10,19,19,23,36,36,67,54,44,44,36]",2026-04-28,"Local pack, Sitelinks, Video, Image, People also ask, Related searches, Discussions and forums",commercial,Organic
vinyl fence chicago,15,15,1300,37,0.00,https://innovafence.com/,1,0.42,0.00,0,3070000,"[5,30,36,36,54,79,54,100,66,36,54,30]",2026-04-07,"Local pack, Sitelinks, Video, Popular products, Related searches",commercial,Organic
best chain link fences in chicago,5,5,210,6,0.00,https://innovafence.com/fences/chain-link-fence/,1,0.42,0.00,0,112,"[2,22,66,66,29,66,54,100,81,29,14,18]",2026-04-20,"Local pack, Video, People also ask, Related searches, Discussions and forums, AI overview",commercial,Organic
fence company chicago,21,21,720,51,9.73,https://innovafence.com/,1,0.42,9.00,0.03,52500000,"[16,10,24,16,20,24,36,54,41,100,20,20]",2026-04-05,"Local pack, Video, Image, People also ask, Related searches",commercial,Organic
chicago fence company,17,17,720,52,9.73,https://innovafence.com/,1,0.42,9.00,0.03,134,"[16,16,76,36,45,67,67,100,76,45,45,36]",2026-03-30,"Local pack, Sitelinks, Video, Related searches",commercial,Organic
chicago commercial fencing,18,18,720,26,0.00,https://innovafence.com/fences/commercial-fencing/,1,0.42,0.00,0,6060000,"[1,6,6,6,20,100,45,100,100,81,100,30]",2026-03-27,"Local pack, Sitelinks, Video, Image, Related searches",commercial,Organic
commercial fence company chicago,12,12,590,46,19.19,https://innovafence.com/fences/commercial-fencing/,1,0.42,19.00,0.24,109,"[14,7,26,100,48,88,59,100,100,59,72,32]",2026-04-23,"Local pack, Sitelinks, Video, Image, Related searches, AI overview",informational,Organic
fence installation chicago,12,12,720,32,11.74,https://innovafence.com/,1,0.42,11.00,0.03,60400000,"[13,11,20,16,25,37,52,68,100,68,46,37]",2026-04-23,"Local pack, Sitelinks, Video, People also ask, Related searches, Discussions and forums",commercial,Organic
security fence installation companies chicago,11,11,210,41,0.00,https://innovafence.com/,1,0.42,0.00,0,0,"[100,0]",2026-03-06,"Local pack, Image, Related searches",commercial,Organic
picket fence installation chicago,8,8,110,43,0.00,https://innovafence.com/,1,0.42,0.00,0.33,0,"[15,11,19,19,19,15,53,65,53,80,100,80]",2026-03-06,"Local pack, Sitelinks, Related searches, AI overview",commercial,Organic
automatic security gates chicago,5,5,90,0,0.00,https://innovafence.com/gates/,1,0.42,0.00,0,43600000,"[5,17,41,29,52,82,100,100,82,41,23,29]",2026-04-17,"Local pack, Video, Popular products, Related searches, AI overview",commercial,Organic
chain link fence installation chicago,16,16,880,30,0.00,https://innovafence.com/,1,0.42,0.00,0,6910000,"[1,3,4,5,5,100,24,55,55,44,24,16]",2026-04-11,"Local pack, Sitelinks, Video, People also ask, Related searches",commercial,Organic
vinyl fence installation barrington,1,1,40,0,0.00,https://innovafence.com/illinois-fence-company/barrington-illinois-fence-company/,1,0.42,0.00,0,364000,"[14,14,28,14,28,14,100,100,100,100,100,100]",2026-03-21,"Local pack, Video, Related searches, AI overview",commercial,AI overview
commercial aluminum fences chicago,19,19,70,1,0.00,https://innovafence.com/fences/aluminum-fence/,0,0,0.00,0.33,2070000,"[14,19,66,33,52,33,100,9,19,23,9,4]",2026-04-14,"Local pack, Video, Related searches",commercial,Organic
commercial aluminum fences chicago,53,53,70,1,0.00,https://innovafence.com/,0,0,0.00,0.33,2070000,"[14,19,66,33,52,33,100,9,19,23,9,4]",2026-04-14,"Local pack, Video, Related searches",commercial,Organic
commercial fence skokie,84,84,50,0,0.00,https://innovafence.com/fences/commercial-fencing/,0,0,0.00,0,653000,"[0,4,14,100,14]",2026-04-22,"Local pack, Video, Image, Related searches, AI overview",commercial,Organic
chicago fence builders,15,15,110,30,0.00,https://innovafence.com/,0,0,0.00,0.13,4310000,"[7,7,7,7,19,15,65,80,53,80,80,100]",2026-04-27,"Local pack, Image pack, Sitelinks, Video, Image, People also ask, Related searches, Discussions and forums",commercial,Organic
automatic gates edgebrook,1,1,40,0,0.00,https://innovafence.com/gates/,0,0,0.00,0,30000,"[0,42,100,71,100,71,42]",2026-03-23,"Sitelinks, Video, Image, Popular products, Related searches, AI overview",informational,AI overview
automatic gates edgebrook,62,62,40,0,0.00,https://innovafence.com/gates/,0,0,0.00,0,30000,"[0,42,100,71,100,71,42]",2026-03-23,"Sitelinks, Video, Image, Popular products, Related searches, AI overview",informational,Organic
fence builder chicago,18,18,70,43,0.00,https://innovafence.com/,0,0,0.00,1,72,"[5,11,29,23,64,52,64,52,52,29,17,29]",2026-04-01,"Local pack, Image, People also ask, Related searches",commercial,Organic
fence builder chicago,21,21,70,43,0.00,https://innovafence.com/,0,0,0.00,1,72,"[5,11,29,23,64,52,64,52,52,29,17,29]",2026-04-01,"Local pack, Image, People also ask, Related searches",commercial,Organic
wood fence installation barrington,29,29,50,2,6.45,https://innovafence.com/,0,0,0.00,0.09,1120000,"[9,9,9,18,27,18,63,100,81,63,63,63]",2026-04-18,"Local pack, Sitelinks, Video, Related searches",commercial,Organic
fence company berwyn il,32,32,40,2,0.00,https://innovafence.com/,0,0,0.00,0,260000,"[0,0,0,0,0,0,0,0,50,78,100,100]",2026-04-28,"Local pack, Sitelinks, Image, People also ask, Related searches",commercial,Organic
fence company berwyn il,82,82,40,2,0.00,https://innovafence.com/,0,0,0.00,0,260000,"[0,0,0,0,0,0,0,0,50,78,100,100]",2026-04-28,"Local pack, Sitelinks, Image, People also ask, Related searches",commercial,Organic
wood fence chicago,37,37,1000,44,0.00,https://innovafence.com/,0,0,0.00,0,17800000,"[13,5,7,36,20,54,100,79,54,24,54,30]",2026-04-11,"Local pack, Video, People also ask, Popular products, Related searches",commercial,Organic
fence construction barrington,1,1,40,3,0.00,https://innovafence.com/illinois-fence-company/barrington-illinois-fence-company/,0,0,0.00,0.1,771000,"[28,28,28,28,42,28,100,100,100,71,100,100]",2026-04-15,"Local pack, Video, Image, Related searches, AI overview",informational,AI overview
aluminum fence company kenosha,87,87,70,8,0.00,https://innovafence.com/fences/aluminum-fence/,0,0,0.00,1,0,"[7,7,7,7,15,7,42,42,34,34,42,100]",2026-03-12,"Local pack, Sitelinks",commercial,Organic
fence specialist,66,66,260,44,4.96,https://innovafence.com/fences/,0,0,0.00,0.35,29100000,"[19,23,15,44,23,29,54,44,44,36,29,29]",2026-04-12,"Local pack, Sitelinks, Video, People also ask, Related searches",navigational,Organic
fence specialist,76,76,260,44,4.96,https://innovafence.com/fences/,0,0,0.00,0.35,29100000,"[19,23,15,44,23,29,54,44,44,36,29,29]",2026-04-12,"Local pack, Sitelinks, Video, People also ask, Related searches",navigational,Organic
highland fence,62,62,110,24,6.51,https://innovafence.com/illinois-fence-company/highland-park-illinois-fence-company/,0,0,0.00,0.36,11000000,"[21,21,34,34,34,43,43,28,34,34,28,15]",2026-04-16,"Knowledge panel, Image pack, Sitelinks, Video, People also ask, Popular products, Related searches","commercial, informational",Organic
wooden fence panels chicago,17,17,40,47,0.00,https://innovafence.com/fences/wood-fence/,0,0,0.00,0,0,"[0,14,42,42,57,100,100,100,57,57,28]",2026-03-12,"Local pack, Sitelinks, Popular products, Related searches",commercial,Organic
wooden fence panels chicago,44,44,40,47,0.00,https://innovafence.com/,0,0,0.00,0,0,"[0,14,42,42,57,100,100,100,57,57,28]",2026-03-12,"Local pack, Sitelinks, Popular products, Related searches",commercial,Organic
aluminum fences barrington,17,17,50,0,0.00,https://innovafence.com/fences/aluminum-fence/,0,0,0.00,0,0,"[4,0,4,4,4,4,33,100,33,33,33,23]",2026-03-12,"Local pack, Sitelinks, Video, Popular products, Related searches",commercial,Organic
fence company in chicago,16,16,260,50,9.73,https://innovafence.com/,0,0,0.00,0.03,106,"[6,5,8,8,11,44,54,100,81,66,81,44]",2026-04-25,"Local pack, Video, Related searches",commercial,Organic
commercial fencing chicago,29,29,880,32,0.00,https://innovafence.com/,0,0,0.00,0,5080000,"[2,8,10,13,30,100,36,66,54,30,54,20]",2026-04-12,"Local pack, Video, Image, Related searches",commercial,Organic
commercial fencing chicago,30,30,880,32,0.00,https://innovafence.com/,0,0,0.00,0,5080000,"[2,8,10,13,30,100,36,66,54,30,54,20]",2026-04-12,"Local pack, Video, Image, Related searches",commercial,Organic
fence builder northbrook,11,11,70,7,0.00,https://innovafence.com/illinois-fence-company/northbrook-illinois-fence-company/,0,0,0.00,0,110,"[4,4,9,4,0,0,23,4,52,80,100,100]",2026-04-15,"Local pack, Image, Related searches",commercial,Organic
fence builder northbrook,74,74,70,7,0.00,https://innovafence.com/,0,0,0.00,0,110,"[4,4,9,4,0,0,23,4,52,80,100,100]",2026-04-15,"Local pack, Image, Related searches",commercial,Organic
chain link fences chicago,16,16,110,6,0.00,https://innovafence.com/fences/chain-link-fence/,0,0,0.00,0.01,2050000,"[23,17,29,29,29,23,82,100,82,100,100,100]",2026-04-08,"Local pack, Video, Popular products, Related searches",commercial,Organic
chain link fences chicago,39,39,110,6,0.00,https://innovafence.com/,0,0,0.00,0.01,2050000,"[23,17,29,29,29,23,82,100,82,100,100,100]",2026-04-08,"Local pack, Video, Popular products, Related searches",commercial,Organic
chain link fences chicago,55,55,110,6,0.00,https://innovafence.com/fences/commercial-fencing/,0,0,0.00,0.01,2050000,"[23,17,29,29,29,23,82,100,82,100,100,100]",2026-04-08,"Local pack, Video, Popular products, Related searches",commercial,Organic
electric gates chicago,18,18,90,1,0.00,https://innovafence.com/gates/,0,0,0.00,0.33,188,"[0,0,0,0,9,19,66,80,42,80,100,80]",2026-03-25,"Local pack, Sitelinks, Video, Popular products, Related searches, AI overview",commercial,Organic
aronson fence reviews,38,38,90,18,0.00,https://innovafence.com/company/testimonials/,0,0,0.00,0,156,"[18,18,100,100,100,100,100,100,63,81,81,81]",2026-03-20,"Local pack, Sitelinks, Related searches",commercial,Organic
aluminum fencing kenosha wi,79,79,50,,0.00,https://innovafence.com/fences/aluminum-fence/,0,0,0.00,0,121000,"[0,4,9,9,14,0,33,33,23,23,33,100]",2026-04-20,"Local pack, Sitelinks, Video, Image, Popular products, Related searches",commercial,Organic
aluminum fencing kenosha wi,81,81,50,,0.00,https://innovafence.com/fences/aluminum-fence/,0,0,0.00,0,121000,"[0,4,9,9,14,0,33,33,23,23,33,100]",2026-04-20,"Local pack, Sitelinks, Video, Image, Popular products, Related searches",commercial,Organic
fencing companies chicago,14,14,320,50,10.74,https://innovafence.com/,0,0,0.00,0.06,0,"[7,7,9,11,17,26,26,39,100,59,26,17]",2026-03-08,"Local pack, Sitelinks, Video, Image, Related searches",commercial,Organic
aluminum fencing chicago,8,8,70,8,0.00,https://innovafence.com/fences/aluminum-fence/,0,0,0.00,0.33,0,"[14,14,14,14,14,14,64,78,100,100,100,78]",2026-03-12,"Local pack, Sitelinks, Video, Popular products, Related searches",commercial,Organic
aluminum fencing chicago,46,46,70,8,0.00,https://innovafence.com/,0,0,0.00,0.33,0,"[14,14,14,14,14,14,64,78,100,100,100,78]",2026-03-12,"Local pack, Sitelinks, Video, Popular products, Related searches",commercial,Organic
ornamental iron fence chicago il,70,70,90,7,0.00,https://innovafence.com/resources/photo-gallery/,0,0,0.00,0,0,"[29,17,41,29,23,11,82,100,64,100,82,82]",2026-03-12,"Local pack, Sitelinks, Image, Related searches",commercial,Organic
chicago aluminum fence,41,41,320,1,0.00,https://innovafence.com/fences/aluminum-fence/,0,0,0.00,0.01,194,"[3,0,0,8,13,100,10,20,0,62,1,10]",2026-03-22,"Local pack, Sitelinks, Video, Popular products, Related searches, AI overview",commercial,Organic
shannon fence company,43,43,30,17,4.29,https://innovafence.com/,0,0,0.00,0.33,0,"[28,28,42,71,57,28,42,57,57,57,28,28]",2026-03-17,"Local pack, Sitelinks, Video, Related searches",navigational,Organic
park forest il composite fence,73,73,40,1,0.00,https://innovafence.com/illinois-fence-company/lake-forest-illinois-fence-company/,0,0,0.00,0,1640000,"[80,80,100,80]",2026-03-25,"Local pack, Related searches, AI overview","commercial, informational",Organic
fence company east ravenswood il,9,9,40,48,0.00,https://innovafence.com/,0,0,0.00,0,270000,"[0,0,0,0,36,81,100,27,36,45,36,45]",2026-04-28,"Local pack, Image, Related searches",commercial,Organic
vinyl fence repair chicago,13,13,110,8,0.00,https://innovafence.com/,0,0,0.00,0.33,0,"[19,14,23,23,19,19,66,80,52,80,100,80]",2026-03-07,"Local pack, Video, Related searches",commercial,Organic
northwest gates,18,18,90,0,0.00,https://innovafence.com/gates/,0,0,0.00,0.12,103,"[0,0,0,3,0,0,10,0,0,0,0,0]",2026-04-03,"Knowledge panel, Sitelinks, Related searches",informational,Organic
chain link fence chicago,41,41,390,27,0.00,https://innovafence.com/fences/commercial-fencing/,0,0,0.00,0.01,0,"[36,19,29,100,54,66,81,81,81,81,29,36]",2026-03-13,"Local pack, Sitelinks, Video, Related searches",commercial,Organic
chicago picket fence,8,8,110,1,0.00,https://innovafence.com/fences/wood-fence/,0,0,0.00,0,6730000,"[19,14,23,23,19,9,66,80,52,80,100,100]",2026-04-27,"Local pack, Image pack, Video, People also ask, Popular products, Related searches, AI overview",commercial,Image pack
chicago picket fence,12,12,110,1,0.00,https://innovafence.com/,0,0,0.00,0,6730000,"[19,14,23,23,19,9,66,80,52,80,100,100]",2026-04-27,"Local pack, Image pack, Video, People also ask, Popular products, Related searches, AI overview",commercial,Organic
northwest indiana fence,91,91,40,21,2.60,https://innovafence.com/,0,0,0.00,0.42,5170000,"[14,14,14,78,78,78,14,14,14,14,14,14]",2026-03-20,"Knowledge panel, Sitelinks, Video, Image, Related searches",navigational,Organic
fencing chicago,56,56,260,20,2.63,https://innovafence.com/,0,0,0.00,0.55,16200000,"[36,29,29,36,44,29,44,44,54,29,29,23]",2026-04-17,"Local pack, Sitelinks, Video, Image, Related searches",commercial,Organic
best fence company chicago,17,17,260,44,0.00,https://innovafence.com/,0,0,0.00,0.04,104,"[2,4,15,15,29,66,44,100,81,44,23,23]",2026-04-17,"Local pack, Sitelinks, Video, People also ask, Related searches, Discussions and forums",commercial,Organic
top-rated fence contractors chicago 2025,14,14,210,18,0.00,https://innovafence.com/,0,0,0.00,0,9190000,"[100,1,0]",2026-04-27,"Local pack, People also ask, Related searches, Discussions and forums",commercial,Organic
security fencing chicago,70,70,90,21,0.00,https://innovafence.com/,0,0,0.00,0,5750000,"[0,0,0,0,5,17,82,100,64,100,100,100]",2026-03-25,"Local pack, Sitelinks, Video, People also ask, Related searches",commercial,Organic
kenosha fence builder,79,79,50,11,0.00,https://innovafence.com/,0,0,0.00,0,108,"[0,3,3,7,0,0,26,26,19,26,26,100]",2026-04-22,"Local pack, Sitelinks, Video, Image, Related searches",commercial,Organic
fence companies in chicago,18,18,140,44,9.73,https://innovafence.com/,0,0,0.00,0.03,112,"[23,14,23,23,23,66,80,100,66,100,100,100]",2026-04-09,"Local pack, Sitelinks, Video, Image, Related searches, AI overview",informational,Organic
fencing contractors near me chicago,12,12,50,48,0.00,https://innovafence.com/,0,0,0.00,0,7770000,"[0,0,28,100,100,100,100,100,57,71,57]",2026-04-28,"Local pack, Sitelinks, Video, Image, People also ask, Related searches, Discussions and forums",transactional,Organic
steel fence company chicago,13,13,70,50,0.00,https://innovafence.com/,0,0,0.00,0,0,"[9,9,9,19,33,66,66,100,66,52,0,0]",2026-03-07,"Local pack, Video, Related searches",commercial,Organic
steel fence company chicago,34,34,70,50,0.00,https://innovafence.com/fences/ornamental-steel-fence/,0,0,0.00,0,0,"[9,9,9,19,33,66,66,100,66,52,0,0]",2026-03-07,"Local pack, Video, Related searches",commercial,Organic
steel fence company chicago,57,57,70,50,0.00,https://innovafence.com/fences/,0,0,0.00,0,0,"[9,9,9,19,33,66,66,100,66,52,0,0]",2026-03-07,"Local pack, Video, Related searches",commercial,Organic
fence workers,54,54,720,38,6.69,https://innovafence.com/,0,0,0.00,0.29,0,"[26,72,100,100,88,59,48,88,59,88,32,48]",2026-03-14,"Local pack, Sitelinks, Video, Related searches",navigational,Organic
show me fencing companies near chicago that do custom work.,14,14,170,27,0.00,https://innovafence.com/,0,0,0.00,0,2230000,"[100,2,0]",2026-04-28,"Local pack, Video, People also ask, Related searches, Discussions and forums",commercial,Organic
aluminum fence kenosha,46,46,70,13,0.00,https://innovafence.com/fences/aluminum-fence/,0,0,0.00,1,131,"[6,6,6,6,6,6,21,21,21,28,21,100]",2026-04-14,"Local pack, Popular products, Related searches",commercial,Organic
commercial fence company chicago il,31,31,720,34,0.00,https://innovafence.com/,0,0,0.00,0,4420000,"[0,3,25,11,7,25,37,100,68,52,46,25]",2026-04-13,"Local pack, Sitelinks, Video, Image, Related searches",commercial,Organic
composite fence northbrook,7,7,70,0,0.00,https://innovafence.com/illinois-fence-company/northbrook-illinois-fence-company/,0,0,0.00,0,160,"[9,4,4,4,19,9,33,4,52,80,100,100]",2026-04-08,"Local pack, Sitelinks, Video, Popular products, Related searches",commercial,Organic
fence installation chicago il,17,17,390,31,11.74,https://innovafence.com/,0,0,0.00,0.03,16900000,"[1,1,6,6,6,100,16,45,45,20,20,20]",2026-04-23,"Local pack, Sitelinks, Video, Image, Related searches, AI overview",commercial,Organic
classic fence illinois,84,84,40,23,5.80,https://innovafence.com/illinois-fence-company/barrington-illinois-fence-company/,0,0,0.00,0.43,5060000,"[14,52,0,0,23,4,0,52,9,23,19,14]",2026-04-20,"Local pack, Sitelinks, Video, Image, Related searches",navigational,Organic
cook county il composite fence,5,5,40,0,0.00,https://innovafence.com/fences/composite-fence/,0,0,0.00,0,982000,"[60,80,80,100]",2026-04-15,"Local pack, Sitelinks, Related searches, AI overview",commercial,Organic
cook county il composite fence,10,10,40,0,0.00,https://innovafence.com/fences/composite-fence/,0,0,0.00,0,982000,"[60,80,80,100]",2026-04-15,"Local pack, Sitelinks, Related searches, AI overview",commercial,Organic
best chicago fence rental companies,59,59,210,3,0.00,https://innovafence.com/,0,0,0.00,0,6600000,"[100,100]",2026-04-01,"Local pack, Related searches, AI overview",commercial,Organic
best chicago fence rental companies,73,73,210,3,0.00,https://innovafence.com/,0,0,0.00,0,6600000,"[100,100]",2026-04-01,"Local pack, Related searches, AI overview",commercial,Organic
illinois fence contractor,27,27,40,37,0.00,https://innovafence.com/illinois-fence-company/,0,0,0.00,0,6360000,"[60,80,100,100]",2026-04-16,"Knowledge panel, Sitelinks, Video, Image, Related searches",informational,Organic
local fence businesses chicago,17,17,260,45,0.00,https://innovafence.com/,0,0,0.00,0,16700000,"[100,1,0]",2026-04-25,"Local pack, Sitelinks, Video, People also ask, Related searches, Discussions and forums",commercial,Organic
fence contractors kenosha,55,55,40,11,0.00,https://innovafence.com/,0,0,0.00,0,293000,"[0,5,11,11,11,11,23,17,17,29,41,100]",2026-04-28,"Local pack, Sitelinks, Image, People also ask, Related searches, Discussions and forums",commercial,Organic
fence contractor east ravenswood il,14,14,40,37,0.00,https://innovafence.com/,0,0,0.00,0,0,"[14,0,0,7,21,50,100,21,28,35,28,28]",2026-03-13,"Local pack, Image, Related searches",commercial,Organic
fence construction evanston,58,58,40,6,0.00,https://innovafence.com/,0,0,0.00,0,1270000,"[0,9,0,0,0,0,100,63,63,63,45,63]",2026-04-28,"Knowledge panel, Video, Image, People also ask, Related searches, AI overview",informational,Organic
fence construction evanston,76,76,40,6,0.00,https://innovafence.com/,0,0,0.00,0,1270000,"[0,9,0,0,0,0,100,63,63,63,45,63]",2026-04-28,"Knowledge panel, Video, Image, People also ask, Related searches, AI overview",informational,Organic
chicago wood fence,4,4,110,34,0.00,https://innovafence.com/fences/wood-fence/,0,0,0.00,0,216,"[19,14,23,33,33,14,66,80,52,80,100,80]",2026-03-15,"Local pack, Image pack, Sitelinks, Video, Popular products, Related searches",commercial,Image pack
chicago wood fence,4,4,110,34,0.00,https://innovafence.com/fences/wood-fence/,0,0,0.00,0,216,"[19,14,23,33,33,14,66,80,52,80,100,80]",2026-03-15,"Local pack, Image pack, Sitelinks, Video, Popular products, Related searches",commercial,Image pack
chicago wood fence,11,11,110,34,0.00,https://innovafence.com/fences/wood-fence/,0,0,0.00,0,216,"[19,14,23,33,33,14,66,80,52,80,100,80]",2026-03-15,"Local pack, Image pack, Sitelinks, Video, Popular products, Related searches",commercial,Organic
chicago wood fence,41,41,110,34,0.00,https://innovafence.com/,0,0,0.00,0,216,"[19,14,23,33,33,14,66,80,52,80,100,80]",2026-03-15,"Local pack, Image pack, Sitelinks, Video, Popular products, Related searches",commercial,Organic
chicago wood fence,89,89,110,34,0.00,https://innovafence.com/fences/,0,0,0.00,0,216,"[19,14,23,33,33,14,66,80,52,80,100,80]",2026-03-15,"Local pack, Image pack, Sitelinks, Video, Popular products, Related searches",commercial,Organic
fence installers chicago,20,20,30,48,11.74,https://innovafence.com/,0,0,0.00,0.03,126,"[1,0,1,3,3,1,3,3,7,3,5,4]",2026-03-21,"Local pack, Sitelinks, Video, Image, People also ask, Related searches",commercial,Organic
northern illinois fence,63,63,50,7,6.51,https://innovafence.com/,0,0,0.00,0.2,0,"[9,9,52,52,52,9,52,9,9,9,9,9]",2026-03-16,"Knowledge panel, Video, Related searches","informational, transactional",Organic
fence replacement chicago,18,18,40,29,0.00,https://innovafence.com/,0,0,0.00,0,6690000,"[60,100]",2026-04-28,"Local pack, Sitelinks, Video, People also ask, Popular products, Related searches, Discussions and forums",commercial,Organic
fence construction chicago,17,17,40,50,7.45,https://innovafence.com/,0,0,0.00,0.52,29400000,"[14,14,28,28,14,28,100,100,100,100,71,71]",2026-04-03,"Local pack, Video, Related searches, AI overview",commercial,Organic
installing a commercial fence,65,65,40,0,0.00,https://innovafence.com/fences/commercial-fencing/,0,0,0.00,0,43800000,"[0,22,22,33,33,22,100,100,55,22,22,33]",2026-03-12,"Image pack, Video, Video Carousel, Related searches, AI overview",informational,Organic
installing a commercial fence,92,92,40,0,0.00,https://innovafence.com/fences/commercial-fencing/,0,0,0.00,0,43800000,"[0,22,22,33,33,22,100,100,55,22,22,33]",2026-03-12,"Image pack, Video, Video Carousel, Related searches, AI overview",informational,Organic
fence installation near me chicago,15,15,40,28,0.00,https://innovafence.com/,0,0,0.00,0,50500000,"[14,0,28,42,42,57,100,100,100,100,71]",2026-04-15,"Local pack, Sitelinks, Video, Related searches",transactional,Organic
south chicago wood fence,92,92,40,46,0.00,https://innovafence.com/,0,0,0.00,0,14000000,"[60,100,100,100]",2026-04-18,"Local pack, Popular products, Related searches",commercial,Organic
chicago fence contractor,15,15,140,50,0.00,https://innovafence.com/,0,0,0.00,0.01,4610000,"[19,19,26,34,34,19,65,100,100,80,100,100]",2026-04-09,"Local pack, Sitelinks, Video, Image, People also ask, Related searches",commercial,Organic
chicago fence contractor,40,40,140,50,0.00,https://innovafence.com/fences/,0,0,0.00,0.01,4610000,"[19,19,26,34,34,19,65,100,100,80,100,100]",2026-04-09,"Local pack, Sitelinks, Video, Image, People also ask, Related searches",commercial,Organic
fence contractor chicago,10,10,390,45,9.73,https://innovafence.com/,0,0,0.00,0.03,4010000,"[2,2,4,5,7,100,13,10,13,10,10,16]",2026-04-09,"Local pack, Video, Image, People also ask, Related searches, Discussions and forums",commercial,Organic
fencing company chicago,19,19,210,46,10.74,https://innovafence.com/,0,0,0.00,0.06,0,"[8,8,10,10,18,81,35,100,100,54,54,43]",2026-03-19,"Local pack, Sitelinks, Video, Image, Related searches",commercial,Organic
fencing company chicago,23,23,210,46,10.74,https://innovafence.com/,0,0,0.00,0.06,0,"[8,8,10,10,18,81,35,100,100,54,54,43]",2026-03-19,"Local pack, Sitelinks, Video, Image, Related searches",commercial,Organic
vinyl fencing northwest hills county,54,54,40,0,0.00,https://innovafence.com/fences/vinyl-fence/,0,0,0.00,0,0,"[14,14,0,0,14,28,100,64,21,7,14]",2026-03-12,"Local pack, Popular products, Related searches",commercial,Organic
fence installation services chicago,13,13,210,30,0.00,https://innovafence.com/,0,0,0.00,0,49000000,"[100,0,0]",2026-04-27,"Local pack, Video, Image, People also ask, Related searches, Discussions and forums",commercial,Organic
aluminum fencing geneva il,29,29,40,1,0.00,https://innovafence.com/fences/aluminum-fence/,0,0,0.00,0,118000,"[60,60,80,100,80,60]",2026-04-14,"Local pack, Video, Image, Related searches",commercial,Organic
aluminum fencing geneva il,96,96,40,1,0.00,https://innovafence.com/fences/aluminum-fence/,0,0,0.00,0,118000,"[60,60,80,100,80,60]",2026-04-14,"Local pack, Video, Image, Related searches",commercial,Organic
chicago commercial fence,1,1,90,26,0.00,https://innovafence.com/fences/commercial-fencing/,0,0,0.00,0,16000000,"[5,11,23,29,41,100,82,100,100,41,23,29]",2026-04-27,"Local pack, Sitelinks, Video, Image, Related searches, AI overview",commercial,AI overview
chicago commercial fence,11,11,90,26,0.00,https://innovafence.com/fences/commercial-fencing/,0,0,0.00,0,16000000,"[5,11,23,29,41,100,82,100,100,41,23,29]",2026-04-27,"Local pack, Sitelinks, Video, Image, Related searches, AI overview",commercial,Organic
chicago commercial fence,47,47,90,26,0.00,https://innovafence.com/,0,0,0.00,0,16000000,"[5,11,23,29,41,100,82,100,100,41,23,29]",2026-04-27,"Local pack, Sitelinks, Video, Image, Related searches, AI overview",commercial,Organic
vinyl fence installers chicago area,38,38,90,,0.00,https://innovafence.com/,0,0,0.00,0,0,"[100,3,0]",2026-03-09,"Local pack, Video, Related searches, Ads middle",commercial,Organic
vinyl fence installers chicago area,40,40,90,,0.00,https://innovafence.com/,0,0,0.00,0,0,"[100,3,0]",2026-03-09,"Local pack, Video, Related searches, Ads middle",commercial,Organic
vinyl fence installers chicago area,57,57,90,,0.00,https://innovafence.com/fences/residential-fencing/,0,0,0.00,0,0,"[100,3,0]",2026-03-09,"Local pack, Video, Related searches, Ads middle",commercial,Organic
fence repair company chicago,14,14,110,43,0.00,https://innovafence.com/,0,0,0.00,0,6550000,"[23,0,0,0,19,23,80,100,66,100,100,100]",2026-04-28,"Local pack, Image, People also ask, Related searches, Discussions and forums",commercial,Organic
fence repair company chicago,19,19,110,43,0.00,https://innovafence.com/,0,0,0.00,0,6550000,"[23,0,0,0,19,23,80,100,66,100,100,100]",2026-04-28,"Local pack, Image, People also ask, Related searches, Discussions and forums",commercial,Organic
south chicago vinyl fence,64,64,40,28,0.00,https://innovafence.com/fences/vinyl-fence/,0,0,0.00,0,1580000,"[60,80,80,100]",2026-04-18,"Local pack, Sitelinks, Video, Popular products, Related searches, AI overview",commercial,Organic
barrington il fencing contractor,16,16,40,0,0.00,https://innovafence.com/,0,0,0.00,0,0,"[28,0,14,14,14,28,100,100,100,100,71,71]",2026-03-12,"Local pack, Video, Image",commercial,Organic
residential security fences chicago,1,1,70,42,0.00,https://innovafence.com/fences/residential-fencing/,0,0,0.00,0,8770000,"[0,0,0,0,5,23,82,100,64,100,100,100]",2026-03-25,"Local pack, Sitelinks, Video, Related searches, AI overview",informational,AI overview
residential security fences chicago,12,12,70,42,0.00,https://innovafence.com/fences/residential-fencing/,0,0,0.00,0,8770000,"[0,0,0,0,5,23,82,100,64,100,100,100]",2026-03-25,"Local pack, Sitelinks, Video, Related searches, AI overview",informational,Organic
aluminum fencing elburn il,58,58,50,2,0.00,https://innovafence.com/fences/aluminum-fence/,0,0,0.00,0,87400,"[42,42,57,71,100,100]",2026-04-14,"Local pack, Video, Image, Related searches",commercial,Organic
fence company arlington heights,9,9,40,0,0.00,https://innovafence.com/illinois-fence-company/arlington-heights-illinois-fence-company/,0,0,0.00,0.67,3000000,"[11,11,17,11,11,11,29,29,23,41,29,23]",2026-03-25,"Local pack, Sitelinks, Video, Image, People also ask, Related searches",commercial,Organic
mobile gate security chicago,20,20,140,0,0.00,https://innovafence.com/gates/,0,0,0.00,0.33,0,"[33,52,52,52,23,19,80,80,66,100,100,80]",2026-03-07,"Local pack, Image, AI overview",informational,Organic
mobile gate security chicago,24,24,140,0,0.00,https://innovafence.com/gates/,0,0,0.00,0.33,0,"[33,52,52,52,23,19,80,80,66,100,100,80]",2026-03-07,"Local pack, Image, AI overview",informational,Organic
fence company north halsted chicago il,72,72,40,,0.00,https://innovafence.com/,0,0,0.00,0.33,0,"[5,5,5,5,5,5,41,29,17,23,100,23]",2026-03-13,"Local pack, Image, Related searches",commercial,Organic
electric gate systems chicago,11,11,90,0,0.00,https://innovafence.com/gates/,0,0,0.00,0.33,15500000,"[0,0,9,4,33,19,80,80,52,80,100,80]",2026-03-12,"Knowledge panel, Sitelinks, Video, Popular products, Related searches",commercial,Organic
top chicago fence rental companies,53,53,90,0,0.00,https://innovafence.com/,0,0,0.00,0,0,"[66,100,17,0,2,0,0]",2026-03-10,"Local pack, Sitelinks, Video, Related searches, AI overview","commercial, informational",Organic
fences in chicago,17,17,90,45,2.63,https://innovafence.com/,0,0,0.00,0.55,0,"[0,6,22,4,22,35,4,100,8,14,14,6]",2026-03-17,"Local pack, Video, Related searches",commercial,Organic
commercial fence design,51,51,140,6,0.00,https://innovafence.com/fences/commercial-fencing/,0,0,0.00,0.97,84700000,"[7,5,12,7,12,10,53,100,53,66,66,66]",2026-04-10,"Knowledge panel, Image pack, Sitelinks, Video, Image, Related searches",informational,Organic
fence installation geneva,80,80,50,2,65.29,https://innovafence.com/,0,0,0.00,0.66,6960000,"[0,35,35,35,64,100,50,50,35,35,35,35]",2026-04-28,"Knowledge panel, Sitelinks, Video, Image, People also ask, Related searches, Discussions and forums",commercial,Organic
nwi fence company,36,36,40,23,5.76,https://innovafence.com/,0,0,0.00,0.79,335000,"[18,18,100,100,100,18,18,18,18,18,18,18]",2026-03-31,"Knowledge panel, Sitelinks, Video, People also ask, Related searches",navigational,Organic
nwi fence company,42,42,40,23,5.76,https://innovafence.com/,0,0,0.00,0.79,335000,"[18,18,100,100,100,18,18,18,18,18,18,18]",2026-03-31,"Knowledge panel, Sitelinks, Video, People also ask, Related searches",navigational,Organic
nwi fence company,61,61,40,23,5.76,https://innovafence.com/,0,0,0.00,0.79,335000,"[18,18,100,100,100,18,18,18,18,18,18,18]",2026-03-31,"Knowledge panel, Sitelinks, Video, People also ask, Related searches",navigational,Organic
wood fence in the city of chicago,94,94,170,8,0.00,https://innovafence.com/fences/wood-fence/,0,0,0.00,0,15700000,"[3,34,81,81,34,53,53,65,81,43,21,21]",2026-03-27,"Local pack, Sitelinks, Related searches, AI overview",informational,Organic
vinyl fencing kenosha,46,46,50,16,0.00,https://innovafence.com/fences/vinyl-fence/,0,0,0.00,0,187,"[0,7,7,11,0,0,26,26,19,19,26,100]",2026-03-21,"Local pack, Sitelinks, Video, Popular products, Related searches",commercial,Organic
aronson fence co inc,23,23,140,27,4.07,https://innovafence.com/fences/,0,0,0.00,0.11,68900,"[23,23,100,100,100,80,52,42,42,80,42,33]",2026-03-26,"Knowledge panel, Sitelinks, People also ask, Related searches",navigational,Organic
aronson fence co inc,30,30,140,27,4.07,https://innovafence.com/,0,0,0.00,0.11,68900,"[23,23,100,100,100,80,52,42,42,80,42,33]",2026-03-26,"Knowledge panel, Sitelinks, People also ask, Related searches",navigational,Organic
wooden fence chicago,25,25,50,48,0.00,https://innovafence.com/,0,0,0.00,0,28300000,"[0,11,11,44,77,55,55,77,100,100,55,55]",2026-03-25,"Local pack, Video, People also ask, Popular products, Related searches",commercial,Organic
wooden fence chicago,42,42,50,48,0.00,https://innovafence.com/,0,0,0.00,0,28300000,"[0,11,11,44,77,55,55,77,100,100,55,55]",2026-03-25,"Local pack, Video, People also ask, Popular products, Related searches",commercial,Organic
fence companies chicago,17,17,480,46,9.73,https://innovafence.com/,0,0,0.00,0.03,40700000,"[8,6,13,45,24,30,36,67,55,45,55,45]",2026-04-14,"Local pack, Sitelinks, Video, Image, Related searches",commercial,Organic
commercial fence chicago,61,61,480,26,0.00,https://innovafence.com/fences/,0,0,0.00,0,0,"[1,6,24,30,36,100,24,55,45,20,16,10]",2026-03-14,"Local pack, Sitelinks, Image, Related searches",commercial,Organic
chain link fencing kenosha wi,51,51,50,0,0.00,https://innovafence.com/fences/chain-link-fence/,0,0,0.00,0,0,"[0,4,4,9,19,0,33,33,23,23,33,100]",2026-03-13,"Local pack, Video, Popular products, Related searches",commercial,Organic
nova fencing,80,80,480,23,0.54,https://innovafence.com/,0,0,0.00,0.16,10200000,"[81,100,81,66,66,100,81,81,66,81,44,54]",2026-04-04,"Knowledge panel, Sitelinks, Video, Image, Related searches",navigational,Organic
industrial fencing company chicago,25,25,480,42,0.00,https://innovafence.com/fences/commercial-fencing/,0,0,0.00,0,5340000,"[6,1,3,3,6,67,36,100,76,45,100,30]",2026-03-26,"Local pack, Video, Related searches",commercial,Organic
industrial fencing company chicago,44,44,480,42,0.00,https://innovafence.com/,0,0,0.00,0,5340000,"[6,1,3,3,6,67,36,100,76,45,100,30]",2026-03-26,"Local pack, Video, Related searches",commercial,Organic
industrial fencing company chicago,75,75,480,42,0.00,https://innovafence.com/resources/video-gallery/,0,0,0.00,0,5340000,"[6,1,3,3,6,67,36,100,76,45,100,30]",2026-03-26,"Local pack, Video, Related searches",commercial,Organic
norridge fence company,80,80,40,1,9.32,https://innovafence.com/,0,0,0.00,0.27,99,"[7,14,35,7,0,0,64,35,28,28,28,50]",2026-03-21,"Local pack, Video, Image, People also ask, Related searches",commercial,Organic
wood fence edgebrook,66,66,50,0,0.00,https://innovafence.com/fences/wood-fence/,0,0,0.00,0,0,"[0,42,100,100,100,100,71]",2026-03-12,"Video, Related searches",commercial,Organic
wood fence edgebrook,79,79,50,0,0.00,https://innovafence.com/fences/wood-fence/,0,0,0.00,0,0,"[0,42,100,100,100,100,71]",2026-03-12,"Video, Related searches",commercial,Organic
fence companies kenosha,52,52,40,10,0.00,https://innovafence.com/,0,0,0.00,0,617000,"[0,4,4,14,9,9,19,19,14,19,33,100]",2026-04-28,"Local pack, Sitelinks, Video, Image, People also ask, Related searches, Discussions and forums",commercial,Organic
fence companies kenosha,68,68,40,10,0.00,https://innovafence.com/,0,0,0.00,0,617000,"[0,4,4,14,9,9,19,19,14,19,33,100]",2026-04-28,"Local pack, Sitelinks, Video, Image, People also ask, Related searches, Discussions and forums",commercial,Organic
fence companies kenosha,70,70,40,10,0.00,https://innovafence.com/,0,0,0.00,0,617000,"[0,4,4,14,9,9,19,19,14,19,33,100]",2026-04-28,"Local pack, Sitelinks, Video, Image, People also ask, Related searches, Discussions and forums",commercial,Organic
fence company orland park il,77,77,50,7,0.00,https://innovafence.com/illinois-fence-company/highland-park-illinois-fence-company/,0,0,0.00,0.49,139,"[14,14,14,14,14,14,78,100,100,14,14,14]",2026-03-20,"Knowledge panel, Sitelinks, Video, Image, People also ask, Related searches, AI overview",informational,Organic
nova fence,36,36,30,14,7.76,https://innovafence.com/resources/photo-gallery/,0,0,0.00,0.26,0,"[7,7,7,42,7,7,7,7,7,7,7,7]",2026-03-09,"Local pack, Sitelinks, Video, Video Carousel, Popular products, Related searches",transactional,Organic
nova fence,50,50,30,14,7.76,https://innovafence.com/,0,0,0.00,0.26,0,"[7,7,7,42,7,7,7,7,7,7,7,7]",2026-03-09,"Local pack, Sitelinks, Video, Video Carousel, Popular products, Related searches",transactional,Organic
nova fence,74,74,30,14,7.76,https://innovafence.com/,0,0,0.00,0.26,0,"[7,7,7,42,7,7,7,7,7,7,7,7]",2026-03-09,"Local pack, Sitelinks, Video, Video Carousel, Popular products, Related searches",transactional,Organic
des plaines fence company,20,20,70,20,8.24,https://innovafence.com/illinois-fence-company/des-plaines-illinois-fence-company/,0,0,0.00,0.3,1460000,"[15,21,21,28,34,34,28,21,21,15,9,12]",2026-03-23,"Knowledge panel, Sitelinks, Video, Image, People also ask, Related searches",navigational,Organic
chain link fence rental near chicago,75,75,140,14,0.00,https://innovafence.com/fences/chain-link-fence/,0,0,0.00,0,0,"[81,100,18,0,0,0,0]",2026-03-08,"Local pack, Sitelinks, Related searches, AI overview",commercial,Organic
chicago steel fence,17,0,590,5,0.00,https://innovafence.com/fences/ornamental-steel-fence/,0,0,0.00,0,8000000,"[5,8,30,16,10,62,36,100,62,36,36,36]",2026-04-29,"Local pack, Sitelinks, Video, Video Carousel, People also ask, Related searches, AI overview",commercial,Organic
perimeter fence chicago,20,20,90,21,0.00,https://innovafence.com/,0,0,0.00,0,0,"[0,0,0,82,100,64,82,100]",2026-03-06,"Local pack, Video, Related searches, AI overview",informational,Organic
vinyl fence installation chicago,35,35,1300,21,0.00,https://innovafence.com/fences/vinyl-fence/,0,0,0.00,0,127,"[4,5,29,13,13,100,22,43,36,29,43,29]",2026-04-11,"Local pack, Video, People also ask, Related searches",commercial,Organic
north west gates,33,33,40,3,0.00,https://innovafence.com/gates/,0,0,0.00,0.33,291000000,"[7,7,0,100,7,7,0,7,7,0,7,7]",2026-04-05,"Knowledge panel, Sitelinks, Video, Related searches",navigational,Organic
south chicago commercial fencing,73,73,40,8,0.00,https://innovafence.com/fences/commercial-fencing/,0,0,0.00,0,2230000,"[75,100,100,100]",2026-04-18,"Local pack, Sitelinks, Video, Image, Related searches",commercial,Organic
south chicago commercial fencing,87,87,40,8,0.00,https://innovafence.com/fences/commercial-fencing/,0,0,0.00,0,2230000,"[75,100,100,100]",2026-04-18,"Local pack, Sitelinks, Video, Image, Related searches",commercial,Organic
fence contractor skokie,82,82,140,2,0.00,https://innovafence.com/,0,0,0.00,0,327000,"[19,19,34,26,26,26,80,65,53,80,100,80]",2026-04-20,"Local pack, Sitelinks, Image, People also ask, Related searches, AI overview",commercial,Organic
fence company oak lawn il,70,70,70,2,12.65,https://innovafence.com/,0,0,0.00,0.61,2170000,"[5,5,5,5,5,5,100,23,17,23,23,12]",2026-04-16,"Local pack, Video, People also ask, Related searches",commercial,Organic
highland fence company,71,71,50,7,4.72,https://innovafence.com/illinois-fence-company/highland-park-illinois-fence-company/,0,0,0.00,0.34,0,"[9,9,9,9,14,19,42,33,52,33,23,23]",2026-03-09,"Local pack, Sitelinks, Video, Image, Related searches, AI overview",informational,Organic
chicago vinyl fence,37,16,2900,9,0.00,https://innovafence.com/,0,0,0.00,0,3060000,"[1,7,13,16,13,44,8,19,100,54,66,10]",2026-04-29,"Local pack, Sitelinks, Video, People also ask, Related searches, Discussions and forums",commercial,Organic
chicago vinyl fence,73,78,2900,9,0.00,https://innovafence.com/fences/,0,0,0.00,0,3060000,"[1,7,13,16,13,44,8,19,100,54,66,10]",2026-04-29,"Local pack, Sitelinks, Video, People also ask, Related searches, Discussions and forums",commercial,Organic
fence company lincolnwood,20,20,50,0,0.00,https://innovafence.com/,0,0,0.00,0,181000,"[11,7,26,26,26,7,100,7,3,11,7,26]",2026-04-20,"Local pack, Video, Image, Related searches",commercial,Organic
fence company lincolnwood,21,21,50,0,0.00,https://innovafence.com/,0,0,0.00,0,181000,"[11,7,26,26,26,7,100,7,3,11,7,26]",2026-04-20,"Local pack, Video, Image, Related searches",commercial,Organic
number one fence,63,63,70,32,0.00,https://innovafence.com/,0,0,0.00,0.27,314000000,"[34,34,100,9,6,6,6,6,6,6,6,6]",2026-04-12,"Knowledge panel, Sitelinks, Video, Related searches",navigational,Organic
composite fences chicago il,8,8,40,1,0.00,https://innovafence.com/fences/composite-fence/,0,0,0.00,0,0,"[14,28,28,14,57,100,100,71,71,42]",2026-03-13,"Local pack, Video, Image, Related searches, AI overview",informational,Organic
composite fences chicago il,25,25,40,1,0.00,https://innovafence.com/,0,0,0.00,0,0,"[14,28,28,14,57,100,100,71,71,42]",2026-03-13,"Local pack, Video, Image, Related searches, AI overview",informational,Organic
composite fences chicago il,31,31,40,1,0.00,https://innovafence.com/,0,0,0.00,0,0,"[14,28,28,14,57,100,100,71,71,42]",2026-03-13,"Local pack, Video, Image, Related searches, AI overview",informational,Organic
nw fence company,33,33,170,26,6.81,https://innovafence.com/,0,0,0.00,0.37,122,"[42,65,100,100,100,80,53,53,80,100,26,26]",2026-03-26,"Local pack, Sitelinks, Video, Image, Related searches, See results about",navigational,Organic
nw fence company,52,52,170,26,6.81,https://innovafence.com/,0,0,0.00,0.37,122,"[42,65,100,100,100,80,53,53,80,100,26,26]",2026-03-26,"Local pack, Sitelinks, Video, Image, Related searches, See results about",navigational,Organic
glenview illinois fence company,16,16,50,0,0.00,https://innovafence.com/illinois-fence-company/,0,0,0.00,0,1980000,"[18,9,9,9,9,9,81,63,63,100,81,81]",2026-03-25,"Local pack, Image, Related searches",commercial,Organic
your new gate company,84,84,140,32,9.25,https://innovafence.com/gates/,0,0,0.00,0.05,840000000,"[15,28,23,15,18,23,35,23,18,23,18,18]",2026-04-18,"Knowledge panel, Sitelinks, Video, People also ask, Related searches",navigational,Organic
aluminum fencing kenosha,85,85,70,4,0.00,https://innovafence.com/fences/aluminum-fence/,0,0,0.00,0,135000,"[3,3,11,7,0,34,26,19,19,19,100]",2026-03-25,"Local pack, Sitelinks",commercial,Organic
composite fence addison il,85,85,40,0,0.00,https://innovafence.com/fences/composite-fence/,0,0,0.00,0,0,"[9,9,9,9,9,9,100,36,27,63,81,63]",2026-03-13,"Knowledge panel, Sitelinks, Video, Related searches",informational,Organic
innova service,94,94,70,21,0.00,https://innovafence.com/,0,0,0.00,0.01,56300000,"[50,7,50,50,50,50,35,50,50,100,64,78]",2026-04-09,"Local pack, Video, Image, People also ask, Related searches",informational,Organic
chicago fence,22,12,390,35,2.63,https://innovafence.com/,0,0,0.00,0.55,59100000,"[11,11,15,81,28,66,54,100,100,81,100,81]",2026-04-29,"Local pack, Sitelinks, Video, Image, People also ask, Related searches",commercial,Organic
best chain link fences in chicago,14,14,210,6,0.00,https://innovafence.com/fences/chain-link-fence/,0,0,0.00,0,112,"[2,22,66,66,29,66,54,100,81,29,14,18]",2026-04-20,"Local pack, Video, People also ask, Related searches, Discussions and forums, AI overview",commercial,Organic
best chain link fences in chicago,40,40,210,6,0.00,https://innovafence.com/fences/commercial-fencing/,0,0,0.00,0,112,"[2,22,66,66,29,66,54,100,81,29,14,18]",2026-04-20,"Local pack, Video, People also ask, Related searches, Discussions and forums, AI overview",commercial,Organic
best chain link fences in chicago,49,49,210,6,0.00,https://innovafence.com/fences/commercial-fencing/,0,0,0.00,0,112,"[2,22,66,66,29,66,54,100,81,29,14,18]",2026-04-20,"Local pack, Video, People also ask, Related searches, Discussions and forums, AI overview",commercial,Organic
chicago chain link fence,39,39,260,13,0.00,https://innovafence.com/,0,0,0.00,0.01,173,"[6,6,9,15,23,44,54,100,66,36,23,36]",2026-04-20,"Local pack, Video, Image, Popular products, Related searches",commercial,Organic
custom fences barrington,1,1,50,2,0.00,https://innovafence.com/illinois-fence-company/barrington-illinois-fence-company/,0,0,0.00,0.33,998000,"[28,28,28,28,28,28,100,100,100,100,100,100]",2026-04-15,"Local pack, Video, AI overview",informational,AI overview
steel ornamental fence,54,0,170,22,2.10,https://innovafence.com/fences/ornamental-steel-fence/,0,0,0.00,0.13,5110000,"[2,3,4,2,2,11,11,100,21,7,4,32]",2026-04-30,"Local pack, Sitelinks, Video, Image, Popular products, Related searches",commercial,Organic
steel ornamental fence,88,0,170,22,2.10,https://innovafence.com/fences/ornamental-steel-fence/,0,0,0.00,0.13,5110000,"[2,3,4,2,2,11,11,100,21,7,4,32]",2026-04-30,"Local pack, Sitelinks, Video, Image, Popular products, Related searches",commercial,Organic
invisible fence chicago,36,36,40,23,6.13,https://innovafence.com/,0,0,0.00,0.76,2520000,"[36,36,36,63,63,45,45,18,18,18,18,45]",2026-04-09,"Knowledge panel, Image pack, Video, Related searches","informational, navigational",Organic
commercial fence builders chicago,12,12,90,30,0.00,https://innovafence.com/fences/commercial-fencing/,0,0,0.00,0,3080000,"[0,17,52,29,64,82,82,100,100,41,29,41]",2026-04-18,"Local pack, Sitelinks, Video, Related searches, AI overview",commercial,Organic
illinois aluminum fence,91,91,40,0,0.00,https://innovafence.com/fences/aluminum-fence/,0,0,0.00,0,231,"[18,0,18,9,9,9,27,45,63,81,81,100]",2026-03-19,"Local pack, Video, Popular products, Related searches, AI overview","commercial, informational",Organic
vinyl fencing chicago,11,11,170,23,0.00,https://innovafence.com/fences/vinyl-fence/,0,0,0.00,0.01,1460000,"[12,12,21,15,15,12,65,100,81,81,100,81]",2026-04-07,"Local pack, Sitelinks, Video, Popular products, Related searches",commercial,Organic
vinyl fencing chicago,45,45,170,23,0.00,https://innovafence.com/,0,0,0.00,0.01,1460000,"[12,12,21,15,15,12,65,100,81,81,100,81]",2026-04-07,"Local pack, Sitelinks, Video, Popular products, Related searches",commercial,Organic
fence company oak lawn,82,82,30,0,12.65,https://innovafence.com/,0,0,0.00,0.61,16600000,"[9,9,0,0,0,9,42,33,14,4,23,9]",2026-03-22,"Local pack, Video, Image, People also ask, Related searches",commercial,Organic
commercial fence companies chicago,11,11,70,30,0.00,https://innovafence.com/fences/commercial-fencing/,0,0,0.00,0,11500000,"[5,11,23,29,41,82,82,100,82,41,17,23]",2026-04-27,"Local pack, Sitelinks, Video, Image, Related searches",commercial,Organic
commercial fence companies chicago,29,29,70,30,0.00,https://innovafence.com/,0,0,0.00,0,11500000,"[5,11,23,29,41,82,82,100,82,41,17,23]",2026-04-27,"Local pack, Sitelinks, Video, Image, Related searches",commercial,Organic
commercial fence companies chicago,33,33,70,30,0.00,https://innovafence.com/,0,0,0.00,0,11500000,"[5,11,23,29,41,82,82,100,82,41,17,23]",2026-04-27,"Local pack, Sitelinks, Video, Image, Related searches",commercial,Organic
chicago fencing,62,0,90,19,2.63,https://innovafence.com/,0,0,0.00,0.55,12700000,"[35,35,100,100,100,28,50,35,78,50,50,35]",2026-04-29,"Local pack, Sitelinks, Video, Image, Related searches",commercial,Organic
gate options,53,53,70,38,2.10,https://innovafence.com/gates/,0,0,0.00,0.51,0,"[45,63,100,100,81,81,100,81,63,63,45,45]",2026-03-09,"Knowledge panel, Image pack, Sitelinks, Video, Video Carousel, Related searches",navigational,Organic
fence repair chicago il,22,22,50,41,9.68,https://innovafence.com/,0,0,0.00,0.23,3230000,"[0,17,100,23,17,11,41,41,29,23,11,17]",2026-03-30,"Local pack, Sitelinks, Video, Image, Related searches",commercial,Organic
chain link fencing kenosha,54,54,50,3,0.00,https://innovafence.com/fences/chain-link-fence/,0,0,0.00,0,153,"[3,7,7,11,0,34,26,19,19,26,100]",2026-04-15,"Local pack, Sitelinks, Video, Popular products, Related searches",commercial,Organic
chain link fence chicago il,17,17,210,14,0.00,https://innovafence.com/fences/chain-link-fence/,0,0,0.00,0.01,1960000,"[11,5,5,100,66,44,44,81,66,28,5,5]",2026-04-10,"Local pack, Sitelinks, Video, Image, Popular products, Related searches",commercial,Organic
chain link fence chicago il,21,21,210,14,0.00,https://innovafence.com/fences/chain-link-fence/,0,0,0.00,0.01,1960000,"[11,5,5,100,66,44,44,81,66,28,5,5]",2026-04-10,"Local pack, Sitelinks, Video, Image, Popular products, Related searches",commercial,Organic
chain link fence chicago il,46,46,210,14,0.00,https://innovafence.com/fences/commercial-fencing/,0,0,0.00,0.01,1960000,"[11,5,5,100,66,44,44,81,66,28,5,5]",2026-04-10,"Local pack, Sitelinks, Video, Image, Popular products, Related searches",commercial,Organic
chain link fence chicago il,95,95,210,14,0.00,https://innovafence.com/fences/commercial-fencing/,0,0,0.00,0.01,1960000,"[11,5,5,100,66,44,44,81,66,28,5,5]",2026-04-10,"Local pack, Sitelinks, Video, Image, Popular products, Related searches",commercial,Organic
chicago fence repair,26,26,110,44,9.68,https://innovafence.com/,0,0,0.00,0.23,8090000,"[19,19,33,33,23,33,80,80,52,100,100,100]",2026-04-09,"Local pack, Sitelinks, Video, Image, People also ask, Related searches, Discussions and forums",commercial,Organic
commercial fence company skokie,37,37,90,0,0.00,https://innovafence.com/fences/commercial-fencing/,0,0,0.00,0,109,"[4,9,14,4,4,4,100,80,52,100,66,80]",2026-04-27,"Local pack, Video, Image, Related searches",commercial,Organic
fence contractor evanston,72,72,90,2,0.00,https://innovafence.com/,0,0,0.00,0,0,"[19,19,23,14,4,9,66,80,52,80,100,100]",2026-03-12,"Local pack, Image, Related searches",commercial,Organic
high security fence chicago,24,24,210,2,0.00,https://innovafence.com/,0,0,0.00,0,231,"[23,7,17,12,12,7,82,100,82,100,100,100]",2026-04-02,"Local pack, Video",informational,Organic
high security fence chicago,41,41,210,2,0.00,https://innovafence.com/fences/commercial-fencing/,0,0,0.00,0,231,"[23,7,17,12,12,7,82,100,82,100,100,100]",2026-04-02,"Local pack, Video",informational,Organic
custom fences chicago,28,28,50,51,0.00,https://innovafence.com/,0,0,0.00,0,140,"[18,18,18,18,18,18,81,81,81,81,100,81]",2026-03-25,"Local pack, Video, Related searches",commercial,Organic
custom fences chicago,62,62,50,51,0.00,https://innovafence.com/resources/video-gallery/,0,0,0.00,0,140,"[18,18,18,18,18,18,81,81,81,81,100,81]",2026-03-25,"Local pack, Video, Related searches",commercial,Organic
fence in chicago,21,21,110,39,2.63,https://innovafence.com/,0,0,0.00,0.55,68500000,"[23,14,23,33,23,52,66,80,52,100,80,80]",2026-04-09,"Local pack, Video, Image, People also ask, Related searches",commercial,Organic
fence installation evanston,73,73,140,8,0.00,https://innovafence.com/,0,0,0.00,0.05,1720000,"[7,7,7,7,7,7,100,100,65,100,100,100]",2026-04-28,"Knowledge panel, Video, People also ask, Related searches",informational,Organic
aluminum fences chicago,65,65,390,24,0.00,https://innovafence.com/fences/,0,0,0.00,0.01,1160000,"[3,7,44,19,10,54,54,100,81,44,44,36]",2026-04-10,"Local pack, Sitelinks, Video, Popular products, Related searches",commercial,Organic
chicago residential security fence,19,19,90,24,0.00,https://innovafence.com/fences/residential-fencing/,0,0,0.00,0,215,"[0,0,0,0,17,23,82,100,64,100,100,100]",2026-03-25,"Local pack, Video, Popular products, Related searches",commercial,Organic
chicago residential security fence,21,21,90,24,0.00,https://innovafence.com/fences/residential-fencing/,0,0,0.00,0,215,"[0,0,0,0,17,23,82,100,64,100,100,100]",2026-03-25,"Local pack, Video, Popular products, Related searches",commercial,Organic
chicago residential security fence,39,39,90,24,0.00,https://innovafence.com/,0,0,0.00,0,215,"[0,0,0,0,17,23,82,100,64,100,100,100]",2026-03-25,"Local pack, Video, Popular products, Related searches",commercial,Organic
chicago residential security fence,48,48,90,24,0.00,https://innovafence.com/resources/video-gallery/,0,0,0.00,0,215,"[0,0,0,0,17,23,82,100,64,100,100,100]",2026-03-25,"Local pack, Video, Popular products, Related searches",commercial,Organic
chicago residential security fence,58,58,90,24,0.00,https://innovafence.com/resources/video-gallery/,0,0,0.00,0,215,"[0,0,0,0,17,23,82,100,64,100,100,100]",2026-03-25,"Local pack, Video, Popular products, Related searches",commercial,Organic
chicago residential security fence,72,72,90,24,0.00,https://innovafence.com/resources/video-gallery/,0,0,0.00,0,215,"[0,0,0,0,17,23,82,100,64,100,100,100]",2026-03-25,"Local pack, Video, Popular products, Related searches",commercial,Organic
nwa fence,65,65,40,20,6.97,https://innovafence.com/,0,0,0.00,0.44,143,"[2,2,2,2,1,1,5,1,2,1,1,1]",2026-04-24,"Knowledge panel, Sitelinks, People also ask, Related searches",informational,Organic
vinyl fence edgebrook,18,18,50,21,0.00,https://innovafence.com/fences/vinyl-fence/,0,0,0.00,0,17200,"[0,42,100,100,100,71,71]",2026-03-25,"Local pack, Video, Related searches, AI overview",informational,Organic
chicagoland fence companies,19,19,170,50,9.73,https://innovafence.com/,0,0,0.00,0.03,43500000,"[0,0,0,0,100,5,2,3,1,0,0,0]",2026-04-06,"Local pack, Video, Image, People also ask, Related searches",commercial,Organic
chicagoland fence companies,24,24,170,50,9.73,https://innovafence.com/,0,0,0.00,0.03,43500000,"[0,0,0,0,100,5,2,3,1,0,0,0]",2026-04-06,"Local pack, Video, Image, People also ask, Related searches",commercial,Organic
security fencing chicago il,35,35,90,38,0.00,https://innovafence.com/,0,0,0.00,0,13200000,"[0,0,0,0,11,23,82,100,64,100,100,100]",2026-03-25,"Local pack, Video, Image, Ads bottom, Related searches",commercial,Organic
security fencing chicago il,58,58,90,38,0.00,https://innovafence.com/resources/video-gallery/,0,0,0.00,0,13200000,"[0,0,0,0,11,23,82,100,64,100,100,100]",2026-03-25,"Local pack, Video, Image, Ads bottom, Related searches",commercial,Organic
fences chicago,15,15,210,44,2.63,https://innovafence.com/,0,0,0.00,0.55,10200000,"[1,3,5,5,5,24,10,100,8,6,8,6]",2026-04-09,"Local pack, Sitelinks, Video, People also ask, Related searches",commercial,Organic
south chicago fence contractor,83,83,40,26,0.00,https://innovafence.com/,0,0,0.00,0,3610000,"[75,100,100,100]",2026-04-18,"Local pack, Video, Image, People also ask, Related searches",commercial,Organic
commercial fence contractors chicago,12,12,90,30,21.92,https://innovafence.com/fences/commercial-fencing/,0,0,0.00,0.09,3570000,"[4,14,23,23,52,80,80,100,66,52,19,19]",2026-04-21,"Local pack, People also ask, Related searches",commercial,Organic
commercial fence contractors chicago,38,38,90,30,21.92,https://innovafence.com/,0,0,0.00,0.09,3570000,"[4,14,23,23,52,80,80,100,66,52,19,19]",2026-04-21,"Local pack, People also ask, Related searches",commercial,Organic
fence supply chicago,32,32,90,38,1.96,https://innovafence.com/,0,0,0.00,0.2,14100000,"[4,3,1,1,1,1,10,13,6,8,10,8]",2026-04-11,"Local pack, Sitelinks, Image, Related searches",commercial,Organic
picket fence chicago,10,10,90,16,0.00,https://innovafence.com/fences/wood-fence/,0,0,0.00,0.33,0,"[19,15,15,19,26,19,15,53,65,42,65,100]",2026-03-06,"Local pack, Video, Popular products, Related searches, AI overview",commercial,Organic
picket fence chicago,23,23,90,16,0.00,https://innovafence.com/fences/wood-fence/,0,0,0.00,0.33,0,"[19,15,15,19,26,19,15,53,65,42,65,100]",2026-03-06,"Local pack, Video, Popular products, Related searches, AI overview",commercial,Organic
picket fence chicago,61,61,90,16,0.00,https://innovafence.com/fences/vinyl-fence/,0,0,0.00,0.33,0,"[19,15,15,19,26,19,15,53,65,42,65,100]",2026-03-06,"Local pack, Video, Popular products, Related searches, AI overview",commercial,Organic
fence company ridgefield,82,82,90,7,0.00,https://innovafence.com/,0,0,0.00,0.08,113,"[4,9,9,19,52,33,66,52,42,42,66,100]",2026-04-28,"Local pack, Sitelinks, Image, People also ask, Related searches",commercial,Organic
fence company ridgefield,94,94,90,7,0.00,https://innovafence.com/,0,0,0.00,0.08,113,"[4,9,9,19,52,33,66,52,42,42,66,100]",2026-04-28,"Local pack, Sitelinks, Image, People also ask, Related searches",commercial,Organic
fence installation lincolnwood il,19,19,110,5,0.00,https://innovafence.com/fences/chain-link-fence/,0,0,0.00,0,261000,"[4,14,4,4,14,14,100,80,52,80,100,100]",2026-04-20,"Local pack, Video, Image, Related searches",commercial,Organic
fencing nova,83,83,30,18,3.54,https://innovafence.com/,0,0,0.00,0.56,12600000,"[28,28,28,28,28,28,28,28,28,71,100,100]",2026-03-22,"Knowledge panel, Sitelinks, Video, Related searches",navigational,Organic
northwest indiana fence company,84,84,70,0,2.19,https://innovafence.com/,0,0,0.00,0.26,0,"[28,35,64,78,64,50,100,50,50,35,35,28]",2026-03-17,"Knowledge panel, Image pack, Sitelinks, Video, Image, Related searches","informational, transactional",Organic
aluminum fence kenosha wi,66,66,50,8,0.00,https://innovafence.com/fences/aluminum-fence/,0,0,0.00,1,106000,"[9,9,9,9,9,9,33,33,23,33,52,100]",2026-04-14,"Local pack, Sitelinks, Featured snippet, Image, Popular products, Related searches",commercial,Organic
fence contractor chicago il,8,8,50,47,0.00,https://innovafence.com/,0,0,0.00,0.33,0,"[18,18,27,27,45,36,81,100,45,36,45,63]",2026-03-12,"Local pack, Video, Image, Related searches",commercial,Organic
fence companies wheeling il,36,36,70,2,0.00,https://innovafence.com/,0,0,0.00,0,108,"[4,4,4,4,4,4,23,4,52,80,80,100]",2026-04-15,"Local pack, Sitelinks, Video, Image, Related searches, AI overview",commercial,Organic
fence companies wheeling il,88,88,70,2,0.00,https://innovafence.com/,0,0,0.00,0,108,"[4,4,4,4,4,4,23,4,52,80,80,100]",2026-04-15,"Local pack, Sitelinks, Video, Image, Related searches, AI overview",commercial,Organic
northbrook illinois residential fences,1,1,90,10,0.00,https://innovafence.com/illinois-fence-company/northbrook-illinois-fence-company/,0,0,0.00,0,775000,"[7,0,3,3,3,3,11,11,53,80,100,100]",2026-04-17,"Local pack, Related searches, AI overview",commercial,AI overview
northbrook illinois residential fences,4,4,90,10,0.00,https://innovafence.com/illinois-fence-company/northbrook-illinois-fence-company/,0,0,0.00,0,775000,"[7,0,3,3,3,3,11,11,53,80,100,100]",2026-04-17,"Local pack, Related searches, AI overview",commercial,Organic
commercial fence company east ravenswood il,14,14,40,46,0.00,https://innovafence.com/fences/commercial-fencing/,0,0,0.00,0,177000,"[0,0,0,0,5,17,100,17,23,29,17,23]",2026-04-28,"Local pack, Related searches",commercial,Organic
innovative fence,17,17,50,28,5.62,https://innovafence.com/illinois-fence-company/northbrook-illinois-fence-company/,0,0,0.00,0.19,28500000,"[23,4,19,66,19,19,23,100,33,0,0,9]",2026-03-21,"Local pack, Video, Popular products, Related searches",commercial,Organic
innovative fence,25,25,50,28,5.62,https://innovafence.com/illinois-fence-company/northbrook-illinois-fence-company/,0,0,0.00,0.19,28500000,"[23,4,19,66,19,19,23,100,33,0,0,9]",2026-03-21,"Local pack, Video, Popular products, Related searches",commercial,Organic
innovative fence,28,28,50,28,5.62,https://innovafence.com/illinois-fence-company/northbrook-illinois-fence-company/,0,0,0.00,0.19,28500000,"[23,4,19,66,19,19,23,100,33,0,0,9]",2026-03-21,"Local pack, Video, Popular products, Related searches",commercial,Organic
innovative fence,85,85,50,28,5.62,https://innovafence.com/,0,0,0.00,0.19,28500000,"[23,4,19,66,19,19,23,100,33,0,0,9]",2026-03-21,"Local pack, Video, Popular products, Related searches",commercial,Organic
industrial fence inc,63,63,140,18,0.00,https://innovafence.com/,0,0,0.00,0.05,0,"[53,42,80,53,53,53,53,65,42,80,42,42]",2026-03-15,"Knowledge panel, Sitelinks, Video, Related searches",navigational,Organic
aronson fence company,32,32,50,29,4.07,https://innovafence.com/,0,0,0.00,0.11,195000,"[9,9,9,9,9,9,9,9,9,80,80,52]",2026-03-26,"Knowledge panel, Sitelinks, Video, Image, People also ask, Related searches",navigational,Organic
aronson fence company,39,39,50,29,4.07,https://innovafence.com/illinois-fence-company/palatine-illinois-fence-company/,0,0,0.00,0.11,195000,"[9,9,9,9,9,9,9,9,9,80,80,52]",2026-03-26,"Knowledge panel, Sitelinks, Video, Image, People also ask, Related searches",navigational,Organic
aronson fence company,42,42,50,29,4.07,https://innovafence.com/fences/,0,0,0.00,0.11,195000,"[9,9,9,9,9,9,9,9,9,80,80,52]",2026-03-26,"Knowledge panel, Sitelinks, Video, Image, People also ask, Related searches",navigational,Organic
aronson fence company,44,44,50,29,4.07,https://innovafence.com/illinois-fence-company/northbrook-illinois-fence-company/,0,0,0.00,0.11,195000,"[9,9,9,9,9,9,9,9,9,80,80,52]",2026-03-26,"Knowledge panel, Sitelinks, Video, Image, People also ask, Related searches",navigational,Organic
commercial fence installation in chicago,33,33,110,26,0.00,https://innovafence.com/,0,0,0.00,0,17700000,"[14,9,33,23,42,80,66,80,100,42,23,33]",2026-03-31,"Local pack, Video, Image, Related searches",informational,Organic
commercial fence installation in chicago,65,65,110,26,0.00,https://innovafence.com/resources/video-gallery/,0,0,0.00,0,17700000,"[14,9,33,23,42,80,66,80,100,42,23,33]",2026-03-31,"Local pack, Video, Image, Related searches",informational,Organic
vinyl fence company chicago,9,9,50,28,0.00,https://innovafence.com/,0,0,0.00,0,2250000,"[0,14,100,100,100,71,100]",2026-04-18,"Local pack, Sitelinks, Video, Related searches",commercial,Organic
vinyl fence company chicago,70,70,50,28,0.00,https://innovafence.com/fences/,0,0,0.00,0,2250000,"[0,14,100,100,100,71,100]",2026-04-18,"Local pack, Sitelinks, Video, Related searches",commercial,Organic
fence contractor wilmette,82,82,110,2,0.00,https://innovafence.com/,0,0,0.00,0.33,295000,"[23,19,23,33,19,23,66,80,52,80,100,100]",2026-04-28,"Local pack, Image, People also ask, Related searches",commercial,Organic
wood fence chicago il,19,19,50,37,0.00,https://innovafence.com/,0,0,0.00,0,7390000,"[1,0,1,3,5,3,7,12,10,12,12,10]",2026-04-17,"Local pack, Sitelinks, Video, Image, Related searches",commercial,Organic
security fences chicago,61,61,90,24,0.00,https://innovafence.com/,0,0,0.00,0,88800000,"[0,0,0,0,11,11,82,100,64,100,100,100]",2026-03-25,"Local pack, Sitelinks, Video, Related searches",commercial,Organic
wood fence repair chicago,46,46,70,6,0.00,https://innovafence.com/,0,0,0.00,0.33,4890000,"[11,11,17,23,23,29,52,41,52,52,52,52]",2026-04-09,"Local pack, Sitelinks, Video, People also ask, Related searches, Discussions and forums",commercial,Organic
northwest fence illinois,21,21,90,18,8.07,https://innovafence.com/,0,0,0.00,0.32,7040000,"[29,41,64,100,82,82,82,52,41,41,41,23]",2026-03-30,"Knowledge panel, Image pack, Video, Image, Related searches",informational,Organic
composite fence chicago,27,27,720,5,0.00,https://innovafence.com/,0,0,0.00,0,3440000,"[10,20,45,100,36,45,36,62,62,36,24,36]",2026-04-09,"Local pack, Sitelinks, Video, Image, Popular products, Related searches, AI overview",commercial,Organic
composite fence chicago,33,33,720,5,0.00,https://innovafence.com/,0,0,0.00,0,3440000,"[10,20,45,100,36,45,36,62,62,36,24,36]",2026-04-09,"Local pack, Sitelinks, Video, Image, Popular products, Related searches, AI overview",commercial,Organic
composite fence chicago,98,98,720,5,0.00,https://innovafence.com/resources/photo-gallery/,0,0,0.00,0,3440000,"[10,20,45,100,36,45,36,62,62,36,24,36]",2026-04-09,"Local pack, Sitelinks, Video, Image, Popular products, Related searches, AI overview",commercial,Organic
nw fence,48,48,480,21,4.02,https://innovafence.com/,0,0,0.00,0.33,182,"[48,21,72,21,100,59,59,26,48,39,26,26]",2026-03-28,"Sitelinks, Video, Popular products, Related searches",commercial,Organic
security fence chicago,21,21,90,44,0.00,https://innovafence.com/,0,0,0.00,0.33,0,"[0,0,9,14,9,9,66,80,52,80,100,80]",2026-03-12,"Local pack, Video, Video Carousel, Popular products, Related searches",commercial,Organic
security fence chicago,43,43,90,44,0.00,https://innovafence.com/fences/commercial-fencing/,0,0,0.00,0.33,0,"[0,0,9,14,9,9,66,80,52,80,100,80]",2026-03-12,"Local pack, Video, Video Carousel, Popular products, Related searches",commercial,Organic
northwest gate,89,89,4400,14,0.00,https://innovafence.com/gates/,0,0,0.00,0.12,79200000,"[1,0,16,0,81,100,0,10,8,81,36,2]",2026-04-23,"Image pack, Video, Image, People also ask, Related searches, AI overview",informational,Organic
nova fence corporation,33,33,30,17,7.76,https://innovafence.com/,0,0,0.00,0.26,16500000,"[18,18,18,100,18,18,18,18,18,18,18,18]",2026-04-10,"Local pack, Sitelinks, Video, Image, Related searches",commercial,Organic
nova fence corporation,78,78,30,17,7.76,https://innovafence.com/fences/,0,0,0.00,0.26,16500000,"[18,18,18,100,18,18,18,18,18,18,18,18]",2026-04-10,"Local pack, Sitelinks, Video, Image, Related searches",commercial,Organic
aluminum fencing northwest hills county,43,43,50,3,0.00,https://innovafence.com/fences/aluminum-fence/,0,0,0.00,0,1880000,"[33,33,100,11,55,100,77,33,22,33,44]",2026-04-25,"Local pack, Sitelinks, People also ask, Popular products, Related searches",commercial,Organic
custom fences evanston,77,77,50,0,0.00,https://innovafence.com/,0,0,0.00,0.33,0,"[18,18,18,9,18,0,63,63,63,63,63,100]",2026-03-13,"Local pack, Related searches",commercial,Organic
wood fence company near chicago,26,26,40,41,0.00,https://innovafence.com/,0,0,0.00,0,42700000,"[55,0,0,11,44,22,77,77,55,77,55,33]",2026-04-18,"Knowledge panel, Sitelinks, Video, Related searches, AI overview",commercial,Organic
fence companies in chicago il,19,19,110,43,9.73,https://innovafence.com/,0,0,0.00,0.03,9770000,"[0,0,0,100,0,0,5,5,4,4,4,5]",2026-04-14,"Local pack, Sitelinks, Video, Image, Related searches",commercial,Organic
wood fencing geneva il,75,75,40,2,0.00,https://innovafence.com/,0,0,0.00,0,469000,"[60,60,80,100,60,60]",2026-04-18,"Local pack, Sitelinks, Image, People also ask, Popular products, Related searches",commercial,Organic
commercial fence installations chicago,10,10,90,43,0.00,https://innovafence.com/fences/commercial-fencing/,0,0,0.00,0,5600000,"[5,5,29,29,52,82,82,100,100,64,17,23]",2026-04-27,"Local pack, Sitelinks, Video, Related searches",commercial,Organic
commercial fence installations chicago,11,11,90,43,0.00,https://innovafence.com/fences/commercial-fencing/,0,0,0.00,0,5600000,"[5,5,29,29,52,82,82,100,100,64,17,23]",2026-04-27,"Local pack, Sitelinks, Video, Related searches",commercial,Organic
commercial fence installations chicago,33,33,90,43,0.00,https://innovafence.com/,0,0,0.00,0,5600000,"[5,5,29,29,52,82,82,100,100,64,17,23]",2026-04-27,"Local pack, Sitelinks, Video, Related searches",commercial,Organic
kenosha vinyl fence,81,81,70,0,0.00,https://innovafence.com/fences/vinyl-fence/,0,0,0.00,0,0,"[0,0,7,3,0,0,26,26,26,26,42,100]",2026-03-19,"Local pack, Sitelinks, Video, Popular products, Related searches",commercial,Organic
security fence installation companies chicago,43,43,210,41,0.00,https://innovafence.com/fences/residential-fencing/,0,0,0.00,0,0,"[100,0]",2026-03-06,"Local pack, Image, Related searches",commercial,Organic
chicago illinois fence company,16,16,90,44,0.00,https://innovafence.com/,0,0,0.00,0,112,"[3,7,15,19,34,53,53,80,100,42,15,15]",2026-04-27,"Local pack, Sitelinks, Image, Related searches",commercial,Organic
security fence chicago il,45,45,90,23,0.00,https://innovafence.com/,0,0,0.00,0,9930000,"[0,0,0,0,4,14,66,80,52,80,100,80]",2026-03-25,"Local pack, Video, Image, Related searches",commercial,Organic
fence company chicago il,16,16,110,44,9.73,https://innovafence.com/,0,0,0.00,0.03,11500000,"[2,4,6,10,22,35,43,43,54,18,14,14]",2026-04-09,"Local pack, Sitelinks, Image, Related searches",commercial,Organic
fence company kenosha,57,57,110,12,8.57,https://innovafence.com/,0,0,0.00,0.9,748000,"[19,11,34,42,19,11,53,53,42,42,53,100]",2026-04-09,"Local pack, Sitelinks, Related searches",commercial,Organic
fence people near me,54,54,90,27,10.10,https://innovafence.com/,0,0,0.00,0.89,0,"[0,1,2,3,2,2,1,2,1,0,1,1]",2026-03-11,"Local pack, Video, Related searches",transactional,Organic
fence people near me,78,78,90,27,10.10,https://innovafence.com/,0,0,0.00,0.89,0,"[0,1,2,3,2,2,1,2,1,0,1,1]",2026-03-11,"Local pack, Video, Related searches",transactional,Organic
picket fence installation chicago,13,13,110,43,0.00,https://innovafence.com/fences/wood-fence/,0,0,0.00,0.33,0,"[15,11,19,19,19,15,53,65,53,80,100,80]",2026-03-06,"Local pack, Sitelinks, Related searches, AI overview",commercial,Organic
vinyl fence installation evanston,10,10,40,0,7.96,https://innovafence.com/,0,0,0.00,0.5,82,"[11,0,11,0,0,0,77,77,77,100,77,77]",2026-04-24,"Local pack, Video, People also ask, Related searches, AI overview","commercial, informational",Local pack
industrial fence chicago,26,26,590,13,0.00,https://innovafence.com/resources/video-gallery/,0,0,0.00,0,212,"[1,13,81,5,16,55,36,100,62,45,45,30]",2026-03-26,"Knowledge panel, Video, People also ask, Related searches",informational,Organic
industrial fence chicago,57,57,590,13,0.00,https://innovafence.com/fences/commercial-fencing/,0,0,0.00,0,212,"[1,13,81,5,16,55,36,100,62,45,45,30]",2026-03-26,"Knowledge panel, Video, People also ask, Related searches",informational,Organic
industrial fence chicago,90,90,590,13,0.00,https://innovafence.com/,0,0,0.00,0,212,"[1,13,81,5,16,55,36,100,62,45,45,30]",2026-03-26,"Knowledge panel, Video, People also ask, Related searches",informational,Organic
industrial fence chicago,91,91,590,13,0.00,https://innovafence.com/,0,0,0.00,0,212,"[1,13,81,5,16,55,36,100,62,45,45,30]",2026-03-26,"Knowledge panel, Video, People also ask, Related searches",informational,Organic
aronson fence,46,46,260,0,4.07,https://innovafence.com/,0,0,0.00,0.11,0,"[9,11,32,39,39,39,32,26,32,21,17,14]",2026-03-13,"Knowledge panel, Video, Related searches","informational, navigational",Organic
fence company lake forest hills,8,8,40,0,0.00,https://innovafence.com/illinois-fence-company/lake-forest-illinois-fence-company/,0,0,0.00,0,15500000,"[11,0,22,77,77,100,77,33,22,0,0]",2026-04-18,"Knowledge panel, Image, People also ask, Related searches, AI overview",commercial,Organic
commercial fencing vaughan,68,68,40,3,0.00,https://innovafence.com/fences/commercial-fencing/,0,0,0.00,0,2420000,"[40,80,80,100,80,80,80,60,80,60,40,100]",2026-04-28,"Local pack, Video, Image, Related searches",commercial,Organic
fencing contractors near my location chicago,14,14,40,27,0.00,https://innovafence.com/,0,0,0.00,0,110,"[0,14,28,100,100,100,42,71,57,57,28]",2026-04-18,"Local pack, Sitelinks, Video, People also ask, Related searches",commercial,Organic
chain link fence installation chicago,54,54,880,30,0.00,https://innovafence.com/fences/commercial-fencing/,0,0,0.00,0,6910000,"[1,3,4,5,5,100,24,55,55,44,24,16]",2026-04-11,"Local pack, Sitelinks, Video, People also ask, Related searches",commercial,Organic
driveway gate installation chicago,4,4,40,0,0.00,https://innovafence.com/gates/,0,0,0.00,0,3740000,"[40,40,60,60,80,100,80,100,100,100,80,100]",2026-04-15,"Local pack, Sitelinks, Video, Related searches, AI overview",commercial,Organic
kenosha fence contractor,73,73,50,11,0.00,https://innovafence.com/,0,0,0.00,0.33,335000,"[0,5,5,11,0,0,41,41,41,41,52,100]",2026-04-18,"Local pack, Sitelinks, Image, Related searches",commercial,Organic
fence contractor arlington manor,85,85,40,8,0.00,https://innovafence.com/illinois-fence-company/arlington-heights-illinois-fence-company/,0,0,0.00,0,508000,"[22,11,33,77,100,77,55,33,22,0,0]",2026-04-18,"Local pack, Image, People also ask, Related searches",commercial,Organic
vinyl fence installation barrington,1,1,40,0,0.00,https://innovafence.com/illinois-fence-company/barrington-illinois-fence-company/,0,0,0.00,0,364000,"[14,14,28,14,28,14,100,100,100,100,100,100]",2026-03-21,"Local pack, Video, Related searches, AI overview",commercial,AI overview
vinyl fence installation barrington,25,25,40,0,0.00,https://innovafence.com/fences/vinyl-fence/,0,0,0.00,0,364000,"[14,14,28,14,28,14,100,100,100,100,100,100]",2026-03-21,"Local pack, Video, Related searches, AI overview",commercial,Organic
south chicago residential fencing,48,48,40,26,0.00,https://innovafence.com/,0,0,0.00,0,2710000,"[75,100,100,100]",2026-04-18,"Local pack, Sitelinks, Related searches",commercial,Organic
composite fences chicago,26,26,320,4,0.00,https://innovafence.com/,0,0,0.00,0,0,"[6,11,35,44,23,15,54,100,100,81,66,54]",2026-03-15,"Local pack, Sitelinks, Video, Popular products, Related searches",commercial,Organic
composite fences chicago,79,79,320,4,0.00,https://innovafence.com/fences/vinyl-fence/,0,0,0.00,0,0,"[6,11,35,44,23,15,54,100,100,81,66,54]",2026-03-15,"Local pack, Sitelinks, Video, Popular products, Related searches",commercial,Organic
chicago fences,18,18,50,50,2.63,https://innovafence.com/,0,0,0.00,0.55,9670000,"[4,19,4,19,9,9,9,23,19,100,33,14]",2026-04-12,"Local pack, Video, Related searches",commercial,Organic
chicago fences,53,53,50,50,2.63,https://innovafence.com/fences/,0,0,0.00,0.55,9670000,"[4,19,4,19,9,9,9,23,19,100,33,14]",2026-04-12,"Local pack, Video, Related searches",commercial,Organic
